use zoologico;
insert into Zoologico (idZoo,cnpj,nome,razao_social, hr_inic_func, hr_fim) VALUES (1, '12345678910123', 'Zootropia', 'sociável', '08:00:00', '20:00:00');

insert into fones(idZoo, numero) VALUES (1, '81-3255-9988'), (1, '81-3433-9988'), (1,'81-3333-8888');    

insert into docs (idZoo, idDocs, docs) values (1,1, null),
											  (1,2, null);
    
insert into licenca (id_licenca, descr, data_de_expiracao, idZoo) VALUES (1,'licença dos bombeiros', '2015-04-12', 1),
                                                                         (2,'licença dos macacos albinos', '2011-02-12', 1),
                                                                         (3,'licença do parque dos animais silvestres', '2014-03-12', 1),
                                                                         (4,'licença da praça de alimentação', '2016-05-14', 1),
                                                                         (5,'licença dos tubarões', '2017-07-12', 1),
                                                                         (6,'licença teste1', '2016-06-19', 1),
                                                                         (7,'licença teste2', '2012-08-19', 1);

insert into Jornada_De_Trabalho (id, trabalha_sabado, descr) VALUES (1, true, 'Limpeza'),(2, true, 'blabla'), (3, false, 'teste'), (4, true, 'blablabla'),
                                                                    (5, false, 'okok'),  (6, false, 'amor'), (7, true, 'odio');

insert into Dia VALUES (1,'descricaoTeste' ), (2, 'descricaoTeste'), (3,'descricaoTeste' ), (4,'descricaoTeste' ), (5, 'descricaoTeste'), (6, 'descricaoTeste'), (7, 'descricaoTeste'); 

INSERT INTO `turno` (`cod`,`descricao`,`hr_inicio`,`hr_fim`) VALUES (1,'Diurno','06:00:00','22:00:00'),(2,'Diarista','10:00:00','19:00:00'),(3,'Padrão','08:00:00','20:00:00'),(4,'Matutino','08:00:00','12:00:00'),(5,'Vespertino','12:00:00','20:00:00'),(6,'Tarde-noite','16:00:00','20:00:00'),(7,'Horista','18:00:00','20:00:00'),(8,'Horista noturno','20:00:00','23:00:00'),(9,'Horista matutino','10:00:00','14:00:00'),(10,'Diarista noturno','00:00:00','06:00:00');

insert into Tem (cod, seq, id) VALUES (1,1,1), (1,2,1), (2,2,4), (5,6,7), (2,5,6);

insert into Funcionario (cpf, nome, especializacao, fone_1, fone_2, data_de_contratacao, salario, ender, jornada_trabalho, idZoo) VALUES
 ('00011122233', 'Joao Feijao', 'Tratador', '8199764453', '81993673657', '1990-01-04', 990, 'Rua dos poderes, N122', 7, 1), 
 ('01201234578', 'Maria Faria', 'Tratador', '8199764400', '81997323657', '1995-11-05', 1200, 'Rua das vielas, N552', 7, 1),
 ('02335553324', 'Pedro Ferrero', 'Tratador', '81992362153', '81993973587', '2001-11-25', 790, 'Rua dos moradores, N129', 7, 1), 
 ('02123521356', 'Carlos Baratos', 'Tratador', '81973691537', '81916382648', '1998-06-14', 990, 'Rua dos povoados, N5542', 7, 1),
 ('01134566299', 'Bonifacio Alado', 'Tratador', '81963715380', '81977531947', '2008-07-29', 990, 'Rua dos poderes, N12', 7, 1),
 ('43221775479', 'Eduardo Do Mato', 'Veterinário',  '81981264690', '81967916358', '2004-01-25', 3500, 'Rua do rei do gado, N32', 7, 1),
 ('02244715739', 'Janaína Vacina', 'Veterinário', '81971439462', '81922956158', '2013-03-15', 4150, 'Rua das Rimas, N424', 7, 1), 
 ('01439264834', 'Fernando Do Campo', 'Veterinário', '81991284569', '8196545529', '2009-09-24', 4000, 'Rua das felicidades, N72', 7, 1),
 ('52135800926', 'Afonso Alonso', 'Veterinário', '81997310353', '81991234212', '1999-08-16', 3970, 'Rua das Avenidas, N152', 7, 1),
 ('00776353689', 'Alan Maçã', 'Secretário', '81997644453', '81993973257', '1997-03-02', 3480, 'Rua dos santos, N1', 7, 1), 
 ('20953275944', 'Paulo Arado', 'Secretário', '81977653327', '81923689943','1998-11-14', 2300, 'Rua dos loucos, N2', 7, 1),
 ('09953268944', 'Valeska Reyness', 'Tratador', '81324232422', '81899767872','1993-12-11', 3000, 'Rua dos pirados, N2', 7, 1),
 ('04554245944', 'João ricardo', 'Administrador', '81977555527', '819234349943','2000-01-04', 2500, 'Rua paraíso, aq2', 7, 1);

insert into Curso (id, descr, carga_hor, tipo) VALUES 
 (1, "Biologia", 60, "Biologicas"),
 (2, "Controle de zoonose", 45, "controle"),
 (3, "Botânica", 30, "Botânica"),
 (4, "tratador", 60, "biologicas");
 
 insert into faz (id, cpf, dt_inicio) VALUES
  (1,"52135800926" ,'2013-01-15'),
  (2,"09953268944" ,'2011-04-11'),
  (3,"09953268944" ,'2000-02-24'),
  (4,"52135800926" ,'2009-01-12');

INSERT INTO `administrador` (`cpf`,`senha_de_acesso`,`idZoo`,`login`) VALUES ('04554245944','admin',1,'admin');

insert into func_tratador(cpf, situacao) Values
  ("01134566299", null),
  ("02123521356", null),
  ("02335553324", null),
  ("01201234578", null),
  ("00011122233", null),
  ("09953268944", null);

insert into func_secretario(cpf) Values
  ("20953275944"), ("00776353689");

insert into bilheteria (idBilheteria, total_inteira, total_meia, total_cortesia, status_bilheteria, data_bilheteria, renda_do_dia, hr_abertura, duracao, hr_fecha, idZoo) VALUES
                         (1, 20.0,10.0, 5.0, true, '2009-12-09',null, null, null, null, 1),
                         (2, 12.0,6.0, 5.0, false, '2010-09-01',null, null, null, null, 1),
                         (3, 21.0,10.5, 5.0, true, '2011-03-23',null, null, null, null, 1);
                          
insert into trabalha (idBilheteria, cpf_secretario, data_trab) VALUES 
					 (1, "00776353689", '2011-03-23');
                     
insert into veterinario (CPF, estado, CRMV) VALUES ("52135800926", 'PE', '1073'), ("01439264834", 'PB', '8899'),("02244715739", 'AL', '1234'),("43221775479", 'RJ', '2341');

insert into ponto (cpf, data_hora_inicial, data_hora_fim, faltou) VALUES 
				  ("01134566299", '2018-01-16T10:25:00','2018-01-16T15:25:00',false),
                  ("02123521356", '2018-01-16T15:25:00','2018-01-16T20:25:00', false),
                  ("02335553324", '2018-01-16T11:00:00', '2018-01-16T18:25:00', false);

insert into Jaula (id_Jaula,  stats, tipo, dt_ultima_inspecao, populacao_max, obs, perid_insp_dias, altura, largura, profundidade, idZoo, cpf_tratador) VALUES
				  (1, true, 'Grade', '2018-01-10', 10, null, 7, 13.0, 15, 7,1, "01134566299"),
                  (2, true, 'Vidro', '2018-01-11', 11, null, 7, 10.10, 15,7,1, "01134566299"),
                  (3, true, 'Grade', '2018-01-03', 12, null, 7, 7.98, 14, 7,1, "02123521356"),
                  (4, true, 'Grade', '2018-01-04', 13, null, 7, 8.43, 14, 7,1, "02123521356"),
                  (5, false,'Grade', '2017-01-01', 10, null, 7, 5.87, 13, 6,1, "00011122233"),
                  (6, true,'aquario','2011-01-01', 20, null, 7, 10.2, 16, 5,1, "00011122233");
				
INSERT INTO `ordem` (`id`,`nome`) VALUES (1,'Monotremata'),(2,'Cetacio'),(3,'Cenarta'),(4,'Primata'),(5,'Quiroptara'),(6,'Carnívoro'),(7,'Araneae'),(8,'Scorpiones'),(9,'Lamniformes');
				
INSERT INTO `genero` (`seq`,`nome`,`ordem`) VALUES (1,'Ornithorhynchus',1),(2,'Whippomorpha',2),(3,'Delphinus',2),(4,'Pan',4),(5,'Gorilla',4),(6,'Pongo',4),(7,'Phantera',6),(8,'Canis',6),(9,'Felis',6),(10,'Phoneutria',7),(11,'Tytus',8),(12,'Carcharodon',9);

INSERT INTO `especie` (`seq`,`nome`,`genero`) VALUES (1,'Onitorrinco',1),(2,'Hipopotamo',2),(3,'Golfinho',3),(4,'Chimpanzé',4),(5,'Gorila',5),(6,'Oragotando',6),(7,'Leo',7),(8,'Tigre',7),(9,'Familiaris',8),(10,'Lupus',8),(11,'Catus',9),(12,'Bahiensis',11),(13,'Carcharias',12);

insert into Especie_indicada (id_jaula, seq) VALUES (6,1),(4,2),(6,3), (3,4),(2,5);

INSERT INTO `animal` (`id`,`nome`,`vivo`,`dt_nasc`,`dt_falecimento`,`idade`,`nome_vulgar`,`obs`,`id_zoo`,`id_jaula`,`ordem`,`genero`,`especie`) VALUES (1,'Leão',1,'2018-01-04',NULL,0,'João','Recém-nascido',1,1,6,7,7),(2,'Cachorro',1,'2015-02-03',NULL,3,'Júnior',NULL,1,2,6,8,9),(3,'Lobo',0,'2000-07-01','2017-06-05',6,'Nino',NULL,1,3,6,8,10),(4,'Gato',1,'2006-09-04',NULL,9,'Tica',NULL,1,3,6,9,11),(5,'Aranha Armadeira',1,NULL,NULL,NULL,'Ariana','Data de nascimento indefinida',1,4,7,10,NULL),(6,'Escorpião Marrom',0,'2016-10-14','2017-02-17',0,'Enzo',NULL,1,5,8,11,12),(7,'Tubarão Branco',1,'1997-08-17',NULL,20,'Bibito','Cuidados especiais',1,6,9,12,13);

INSERT INTO `consulta` (`id_consulta`,`dat_consulta`,`obs`,`id_veterinario`,`id_animal`) VALUES (1,'2011-03-20 15:00:00','Tudo ok!','01439264834',1),(2,'2011-05-21 15:17:00','Tudo ok!','02244715739',2),(3,'2011-07-22 15:22:30','Tudo ok!','01439264834',1),(4,'2011-09-22 14:29:03','Tudo ok!','02244715739',2),(5,'2018-01-10 17:03:00','Prescrição de medicamento e início de tratamento.','52135800926',3),(6,'2018-01-11 18:04:34','Prescrição de medicamento e início de tratamento.','43221775479',4),(7,'2018-01-12 20:08:34','Prescrição de medicamento e início de tratamento.','43221775479',5),(8,'2018-01-13 09:43:53','Prescrição de medicamento e início de tratamento.','01439264834',6),(9,'2018-01-14 17:32:15','Prescrição de medicamento e início de tratamento.','02244715739',7),(10,'2018-01-15 00:00:54','Tudo ok!','52135800926',7);
                    
insert into Doenca (id_doenca, descricao) VALUES
					(1, 'Febre Leonina'),
                    (2, 'Vírus Zyspro'),
	                (3, 'OnitorDoença'),
                    (4, 'Ferimento Exposto'),
                    (5, 'Cancer');

insert into Sintoma (id_doenca, descricao) Values
					  (1, 'Cansaço e Fadiga'),
                      (2, 'Hemorragia'),
                      (3, 'Seco');
                      
INSERT INTO `diagnostico` (`id_consulta`,`id_doenca`,`descri`) VALUES (5,'1','Doença de fácil controle'),(6,'2','Doença de fácil controle'),(7,'3','Necessidade de acompanhamento'),(8,'4','Doença de alta periculosidade'),(9,'5','Doença de fácil controle');

INSERT INTO `pedido_servico` (`id`,`status_pedido`,`dt_execucao`,`vl_total`,`dt_pedido`,`idZoo`) VALUES (1,0,NULL,100.00,'2018-01-15',1),(2,1,'2017-07-15',51.30,'2017-07-09',1),(3,0,NULL,98.28,'2018-01-14',1),(4,1,'2017-06-08',207.89,'2017-05-04',1),(5,0,NULL,402.01,'2018-01-02',1),(6,0,NULL,591.09,'2018-01-04',1),(7,1,'2018-01-07',765.50,'2018-01-05',1),(8,1,'2016-06-08',1070.35,'2016-06-08',1),(9,0,NULL,930.08,'2018-01-06',1),(10,0,NULL,479.90,'2018-01-07',1);

INSERT INTO `fatura` (`idFatura`,`valor`,`dataDaFatura`,`dt_paga`,`vl_multa`,`stats`,`tp_fatura`,`id_ped_serv`) VALUES (1,100,'2018-01-15','2018-01-16',0,'Em andamento','Boleto',1),(2,51.3,'2017-07-09','2017-07-10',0,'A caminho','Boleto',2),(3,98.28,'2018-01-14','2018-01-14',0,'Em andamento','Crédito',3),(4,207.89,'2017-05-04','2017-05-06',0,'Entregue','Boleto',4),(5,402.01,'2018-01-02','2018-01-10',0,'Em andamento','Débito automático',5),(6,591.09,'2018-01-04','2018-01-10',0,'Em andamento','Débito automático',6),(7,765.5,'2018-01-05','2018-01-06',0,'A caminho','Boleto',7),(8,1070.35,'2016-06-08','2016-06-08',0,'A caminho','Crédito',8),(9,930.08,'2018-01-06','2018-01-11',0,'Entregue','Boleto',9),(10,479.9,'2018-01-07','2018-01-09',0,'Entregue','Crédito',10),(11,977.82,'2018-01-18','2018-01-18',0,'Entregue','Crédito',NULL),(12,483.38,'2018-01-14','2018-01-14',0,'Entregue','Crédito',NULL),(13,854.21,'2018-01-17','2018-01-17',0,'Entregue','Crédito',NULL),(14,730.6,'2018-01-16','2018-01-16',0,'Entregue','Crédito',NULL),(15,606.99,'2018-01-15','2018-01-15',0,'Entregue','Crédito',NULL);

INSERT INTO `categoria` (`cod`,`descr`) VALUES (1,'Limpeza'),(2,'Alimento'),(3,'Medicament'),(4,'Diversos');

INSERT INTO `sub_categoria` (`cod`,`descr`,`categ`) VALUES (1,'Sabão',1),(2,'Detergente',1),(3,'Alvejante',1),(4,'Ração',2),(5,'Vegetal',2),(6,'Carne',2),(7,'Remédio',3),(8,'Esparadrapo',3),(9,'Agulha',3),(10,'Mecânico',4),(11,'Brita',4);

INSERT INTO `fornecedor` (`cod`,`Nome`,`cnpj`,`telefone_1`,`telefone_2`,`ativo`) VALUES (1,'João','55135124034952','8130302341','8130554328',1),(2,'Maria','55284965289134','8130312049','8131259446',1),(3,'José','55434806543316','8130321757','8131964564',1),(4,'Bruno','55584647797498','8130331465','8132669682',1),(5,'Ricardo','55734489051680','8130341173','8133374800',0),(6,'Joaquim','55884330305862','8130350881','8134079918',0),(7,'Jorge','56034171560044','8130360589','8134785036',0);

INSERT INTO `produto_ref` (`cod`,`descr`,`freq_pedido`,`cod_barra`,`qtd_estoque`,`preco_ult_compra`,`qtd_total_estoque`,`qtd_min`,`subcat`,`categ`,`fornecedor`) VALUES (1,'Limpa jaula',5,'9382746520',15,150,20,10,2,1,1),(2,'Ração para cães',5,'9592837121',50,590,55,5,4,2,2),(3,'Carne para leão',4,'9802927722',40,510,49,5,6,2,2),(4,'Remédios para animais',6,'1001301832',90,489,102,10,7,3,4),(5,'Equipamentos de manutenção',3,'1022310892',30,302,80,10,10,4,5);

INSERT INTO `instituicao` (`cnpj`,`nome_contato`,`email`,`telefone_1`,`telefone_2`,`razao_social`,`tipo_instituicao`) VALUES ('00112233445566','Figueira','figueira_racoes@gmail.com','8130204551',NULL,'FigRaç',NULL),('11223344556677','Joaquim','joaquim.silveira@hotmail.com','8231214040','82993123412','JJVet',NULL);

INSERT INTO `espacos_reservavel` (`id_espaco`,`dimensao_area`,`capacidade`,`tipo`,`nome`,`idZoo`) VALUES (1,700,15,'Área comum','Espaço vivência',1),(2,500,13,'Área externa','Parque infantil',1),(3,150.84,8,'Área interna','Restaurante',1),(4,900.5,23,'Área comum','Espaço recreativo',1),(5,49.31,7,'Área interna','Jaula interativa',1);

INSERT INTO `reserva` (`qtd_pessoas`,`dt_validade`,`horario`,`dt_reserva`,`valor`,`stats`,`hr_inicio_reser`,`hr_final_reser`,`e_cortesia`,`tp_evento`,`CNPJ`,`id_espaco`) VALUES (20,'2018-01-23','16:47:22','2018-01-18',977.82,'A realizar','19:30:00','05:00:00',NULL,'Festa noturna','00112233445566',4),(7,'2018-01-19','09:37:54','2018-01-14',483.38,'Realizado','15:00:00','18:00:00',NULL,'Excursão científica','00112233445566',5),(15,'2018-01-22','15:00:00','2018-01-17',854.21,'Realizado','14:00:00','17:00:00',NULL,'Exposição escolar','11223344556677',1),(10,'2018-01-21','13:12:38','2018-01-16',730.6,'Realizado','09:20:00','12:00:00',NULL,'Festa infantil','11223344556677',2),(8,'2018-01-20','11:25:16','2018-01-15',606.99,'A realizar','19:00:00','22:20:00',NULL,'Confraternização empresarial','11223344556677',3);

INSERT INTO `empresa_terceira` (`CNPJ`,`fone`,`email`) VALUES ('51246524501523','8130348461','deditificacao.vet@hotmail.com'),('54161235214982','8130339456','vet_santos@hotmail.com'),('57075945928441','8130330451','saneamento.94@gmail.com'),('59990656641900','8130321446','giga.limpa@uol.com.br'),('62905367355359','8130312441','oficial_hosp.vet@bol.com.br');

INSERT INTO `endereco` (`idEnd`,`idForn`,`bairro`,`rua`,`cep`,`estado`) VALUES (1,1,'Ibirapuera','Rua das flores','51450-561','Pe'),(2,2,'Silveira','Rua das silveiras','51487-653','Sã'),(3,3,'Cardinal','Rua dos números','51524-745','Ri'),(4,4,'Santos','Rua dos anjos','51561-837','Pe'),(5,5,'Flamengo','Avenida Dom Miguel','51598-929','Ba'),(6,6,'Fluminense','Rua Intrépida','51636-021','Se'),(7,7,'Casa Azul','Avenida João Brito Blue','51673-113','Pe');

INSERT INTO `estoque` (`id`,`idZoo`,`descr`,`localizacao`) VALUES (1,1,'Estoque de ração','Dentro do zoo'),(2,1,'Estoque de carne','Dentro do zoo'),(3,1,'Próximo do fornecedor','Rua dos anjos'),(4,1,'Próximo do fornecedor','Avenida José Pinheiros'),(5,1,'Estoque de medicamento','Dentro do zoo'),(6,1,'Estoque de diversos','Dentro do zoo');

INSERT INTO `incidente` (`seq`,`descr`) VALUES (1,'Infecção alimentícia no restaurante'),(2,'Crianças vomitando após show'),(3,'Show com problemas no equipamento'),(4,'Quebra de equipamento diverso'),(5,'Uso indevido do espaço reservado'),(6,'Invasão de mal caráter');

INSERT INTO `item_estoque` (`cod_prod_ref`,`id`,`qtd`,`data_entrada`,`vl_compra`,`data_validade`,`id_animal`) VALUES (1,3,20,'2017-12-23',219.64,'2019-12-23',4),(2,1,55,'2017-12-20',800.51,'2018-06-20',2),(3,2,49,'2017-12-22',5015.6,'2018-03-22',1),(4,5,102,'2017-12-21',4264.32,'2019-12-21',3),(5,6,80,'2018-01-05',2765.34,'2022-01-05',7);

INSERT INTO `servico` (`id`,`descr`,`valor`) VALUES (1,'Manutenção jaula  - Área 1',100.00),(2,'Manutenção jaula  - Área 2',51.30),(3,'Manutenção jaula  - Área 3',98.28),(4,'Limpeza zoologico - Área 1',207.89),(5,'Limpeza zoologico  - Área 3',402.01),(6,'Transporte de alimento  - Área 2',591.09),(7,'Transporte de alimento  - Área 1',765.50),(8,'Manutenção jaula  - Área 4',1070.35),(9,'Limpeza zoologico  - Área 2',930.08),(10,'Transporte de alimento  - Área 3',479.90);

INSERT INTO `item_servico` (`idPed`,`idServ`,`qtd`,`vl_unitario`,`status_item`,`dt_realizacao`) VALUES (1,1,1,100.00,0,NULL),(2,2,1,51.30,1,'2017-07-15'),(3,3,1,98.28,0,NULL),(4,4,1,207.89,1,'2017-06-08'),(5,5,1,402.01,0,NULL),(6,6,1,591.09,0,NULL),(7,7,1,765.50,1,'2018-01-07'),(8,8,1,1070.35,1,'2016-06-08'),(9,9,1,930.08,0,NULL),(10,10,1,479.90,0,NULL);

INSERT INTO `medicamento` (`id_medicamento`,`nome`,`isAtivo`,`descricao_frequencia`,`bula`) VALUES (1,'Albesatran',1,'12 em 12 hrs/7 dias',NULL),(2,'Cominutran',0,'8 em 8 hrs/7 dias',NULL),(3,'Centireum',0,'12 em 12 hrs/7 dias',NULL),(4,'Philotiscopo',1,'24 em 24 hrs/10 dias',NULL),(5,'Adenalzina',1,'48 em 48 hrs/16 dias',NULL),(6,'Aceptina',1,'4 em 4 hrs/2 dias',NULL),(7,'Mericutan',0,'Vide a bula',NULL),(8,'Mercivutan',0,'Vide a bula',NULL);

INSERT INTO `nota_fiscal` (`NFE`,`ICMS`,`valor_total`,`vl_total_desconto`,`data_NF`) VALUES (1,26.41,126.41,113.77,'2018-01-16'),(2,20.70,72.00,64.80,'2017-07-10'),(3,48.68,146.96,132.26,'2018-01-14'),(4,134.50,342.39,308.15,'2017-05-06'),(5,64.35,466.36,419.72,'2018-01-10'),(6,86.50,677.59,609.83,'2018-01-10'),(7,76.13,841.63,757.47,'2018-01-06'),(8,65.77,1136.12,1022.51,'2016-06-08'),(9,55.40,985.48,886.94,'2018-01-11'),(10,45.04,524.94,472.45,'2018-01-09'),(11,120.54,1098.36,988.52,'2018-01-18'),(12,64.75,548.13,493.32,'2018-01-14'),(13,94.54,948.75,853.88,'2018-01-17'),(14,39.81,770.41,693.37,'2018-01-16'),(15,62.48,669.47,602.52,'2018-01-15');

INSERT INTO `tipo_pagamento` (`cod`,`descr`) VALUES (1,'Crédito'),(2,'Débito'),(3,'À vista'),(4,'À prazo');

INSERT INTO `pagamento` (`cod`,`data_pagamento`,`stats`,`vl_pago`,`tipo_pag`,`idFatura`,`NFE`) VALUES (1,'2018-01-16','Em andamento',113.77,1,1,1),(2,'2017-07-10','A caminho',64.80,1,2,2),(3,'2018-01-14','Em andamento',132.26,1,3,3),(4,'2017-05-06','Entregue',308.15,4,4,4),(5,'2018-01-10','Em andamento',419.72,2,5,5),(6,'2018-01-10','Em andamento',609.83,2,6,6),(7,'2018-01-06','A caminho',757.47,3,7,7),(8,'2016-06-08','A caminho',1022.51,1,8,8),(9,'2018-01-11','Entregue',886.94,3,9,9),(10,'2018-01-09','Entregue',472.45,1,10,10),(11,'2018-01-18','Entregue',1098.36,1,11,11),(12,'2018-01-14','Entregue',548.13,1,12,12),(13,'2018-01-17','Entregue',948.75,1,13,13),(14,'2018-01-16','Entregue',770.41,1,14,14),(15,'2018-01-15','Entregue',669.47,1,15,15);

INSERT INTO `pode_ter` (`id_jaula`,`seq`,`data_incidente`,`houve_morte`) VALUES (1,4,NULL,NULL),(2,4,NULL,NULL),(3,4,NULL,NULL),(4,4,NULL,NULL),(5,4,NULL,NULL),(6,4,NULL,NULL);

INSERT INTO `tratamento` (`id_tratamento`,`em_andamento`,`data_inicio`,`data_fim`,`resultado`,`obs`,`id_consulta`) VALUES (1,0,'2018-01-10','2018-01-12',1,'Tratamento com sucesso',5),(2,1,'2018-01-11','2018-01-18',0,'Reagindo bem ao tratamento',6),(3,1,'2018-01-12','2018-01-19',0,'Pouca reação ao tratamento',7),(4,0,'2018-01-13','2018-01-15',0,'Sem reação ao tratamento',8),(5,0,'2018-01-14','2018-01-16',1,'Tratamento com sucesso',9);

INSERT INTO `prescricao` (`id_medicamento`,`id_tratamento`,`posologia`) VALUES (1,3,'1 g'),(2,2,'30 mg'),(6,1,'50 mg'),(6,4,'130 mg'),(6,5,'550 mg');

INSERT INTO `trata` (`id_medicamento`,`id_doenca`) VALUES (1,'3'),(2,'2'),(3,'2'),(4,'1'),(5,'3'),(6,'1'),(6,'4'),(6,'5'),(7,'4'),(8,'2');

INSERT INTO `presta` (`CNPJEmprTerc`,`idServ`,`dt_inicio`,`dt_fim`) VALUES ('51246524501523',4,'2017-06-08','2017-06-10'),('51246524501523',9,NULL,NULL),('54161235214982',8,'2016-06-08','2016-06-11'),('57075945928441',4,NULL,NULL),('57075945928441',5,NULL,NULL),('59990656641900',1,NULL,NULL),('59990656641900',2,'2017-07-15','2017-07-20'),('59990656641900',3,NULL,NULL),('62905367355359',6,NULL,NULL),('62905367355359',7,'2018-01-07','2018-01-12'),('62905367355359',10,NULL,NULL);

INSERT INTO `reservado` (`CNPJ`,`id_espaco`,`idFatura`) VALUES ('00112233445566',4,11),('00112233445566',5,12),('11223344556677',1,13),('11223344556677',2,14),('11223344556677',3,15);

INSERT INTO `calendario` (`seq`,`Dia`,`fim_de_semana`,`feriado`,`obs`,`lembrete_1`,`lembrete_2`,`todo_list`) VALUES (1,'2018-01-01',0,NULL,NULL,NULL,NULL,NULL),(2,'2018-01-02',0,NULL,NULL,NULL,NULL,NULL),(3,'2018-01-03',0,NULL,NULL,NULL,NULL,NULL),(4,'2018-01-04',0,NULL,NULL,NULL,NULL,NULL),(5,'2018-01-05',0,NULL,NULL,NULL,NULL,NULL),(6,'2018-01-06',1,NULL,NULL,NULL,NULL,NULL),(7,'2018-01-07',1,NULL,NULL,NULL,NULL,NULL),(8,'2018-01-08',0,NULL,NULL,NULL,NULL,NULL),(9,'2018-01-09',0,NULL,NULL,NULL,NULL,NULL),(10,'2018-01-10',0,NULL,NULL,NULL,NULL,NULL),(11,'2018-01-11',0,NULL,NULL,NULL,NULL,NULL),(12,'2018-01-12',0,NULL,NULL,NULL,NULL,NULL),(13,'2018-01-13',1,NULL,NULL,NULL,NULL,NULL),(14,'2018-01-14',1,NULL,NULL,NULL,NULL,NULL),(15,'2018-01-15',0,NULL,NULL,NULL,NULL,NULL),(16,'2018-01-16',0,NULL,NULL,NULL,NULL,NULL),(17,'2018-01-17',0,NULL,NULL,NULL,NULL,NULL),(18,'2018-01-18',0,NULL,NULL,NULL,NULL,NULL),(19,'2018-01-19',0,NULL,NULL,NULL,NULL,NULL),(20,'2018-01-20',1,NULL,NULL,NULL,NULL,NULL),(21,'2018-01-21',1,NULL,NULL,NULL,NULL,NULL),(22,'2018-01-22',0,NULL,NULL,NULL,NULL,NULL),(23,'2018-01-23',0,NULL,NULL,NULL,NULL,NULL),(24,'2018-01-24',0,NULL,NULL,NULL,NULL,NULL),(25,'2018-01-25',0,NULL,NULL,NULL,NULL,NULL),(26,'2018-01-26',0,NULL,NULL,NULL,NULL,NULL),(27,'2018-01-27',1,NULL,NULL,NULL,NULL,NULL),(28,'2018-01-28',1,NULL,NULL,NULL,NULL,NULL),(29,'2018-01-29',0,NULL,NULL,NULL,NULL,NULL),(30,'2018-01-30',0,NULL,NULL,NULL,NULL,NULL),(31,'2018-01-31',0,NULL,NULL,NULL,NULL,NULL),(32,'2018-02-01',0,NULL,NULL,NULL,NULL,NULL),(33,'2018-02-02',0,NULL,NULL,NULL,NULL,NULL),(34,'2018-02-03',1,NULL,NULL,NULL,NULL,NULL),(35,'2018-02-04',1,NULL,NULL,NULL,NULL,NULL),(36,'2018-02-05',0,NULL,NULL,NULL,NULL,NULL),(37,'2018-02-06',0,NULL,NULL,NULL,NULL,NULL),(38,'2018-02-07',0,NULL,NULL,NULL,NULL,NULL),(39,'2018-02-08',0,NULL,NULL,NULL,NULL,NULL),(40,'2018-02-09',0,NULL,NULL,NULL,NULL,NULL),(41,'2018-02-10',1,NULL,NULL,NULL,NULL,NULL),(42,'2018-02-11',1,NULL,NULL,NULL,NULL,NULL),(43,'2018-02-12',0,NULL,NULL,NULL,NULL,NULL),(44,'2018-02-13',0,NULL,NULL,NULL,NULL,NULL),(45,'2018-02-14',0,NULL,NULL,NULL,NULL,NULL),(46,'2018-02-15',0,NULL,NULL,NULL,NULL,NULL),(47,'2018-02-16',0,NULL,NULL,NULL,NULL,NULL),(48,'2018-02-17',1,NULL,NULL,NULL,NULL,NULL),(49,'2018-02-18',1,NULL,NULL,NULL,NULL,NULL),(50,'2018-02-19',0,NULL,NULL,NULL,NULL,NULL),(51,'2018-02-20',0,NULL,NULL,NULL,NULL,NULL),(52,'2018-02-21',0,NULL,NULL,NULL,NULL,NULL),(53,'2018-02-22',0,NULL,NULL,NULL,NULL,NULL),(54,'2018-02-23',0,NULL,NULL,NULL,NULL,NULL),(55,'2018-02-24',1,NULL,NULL,NULL,NULL,NULL),(56,'2018-02-25',1,NULL,NULL,NULL,NULL,NULL),(57,'2018-02-26',0,NULL,NULL,NULL,NULL,NULL),(58,'2018-02-27',0,NULL,NULL,NULL,NULL,NULL),(59,'2018-02-28',0,NULL,NULL,NULL,NULL,NULL),(60,'2018-03-01',0,NULL,NULL,NULL,NULL,NULL),(61,'2018-03-02',0,NULL,NULL,NULL,NULL,NULL),(62,'2018-03-03',1,NULL,NULL,NULL,NULL,NULL),(63,'2018-03-04',1,NULL,NULL,NULL,NULL,NULL),(64,'2018-03-05',0,NULL,NULL,NULL,NULL,NULL),(65,'2018-03-06',0,NULL,NULL,NULL,NULL,NULL),(66,'2018-03-07',0,NULL,NULL,NULL,NULL,NULL),(67,'2018-03-08',0,NULL,NULL,NULL,NULL,NULL),(68,'2018-03-09',0,NULL,NULL,NULL,NULL,NULL),(69,'2018-03-10',1,NULL,NULL,NULL,NULL,NULL),(70,'2018-03-11',1,NULL,NULL,NULL,NULL,NULL),(71,'2018-03-12',0,NULL,NULL,NULL,NULL,NULL),(72,'2018-03-13',0,NULL,NULL,NULL,NULL,NULL),(73,'2018-03-14',0,NULL,NULL,NULL,NULL,NULL),(74,'2018-03-15',0,NULL,NULL,NULL,NULL,NULL),(75,'2018-03-16',0,NULL,NULL,NULL,NULL,NULL),(76,'2018-03-17',1,NULL,NULL,NULL,NULL,NULL),(77,'2018-03-18',1,NULL,NULL,NULL,NULL,NULL),(78,'2018-03-19',0,NULL,NULL,NULL,NULL,NULL),(79,'2018-03-20',0,NULL,NULL,NULL,NULL,NULL),(80,'2018-03-21',0,NULL,NULL,NULL,NULL,NULL),(81,'2018-03-22',0,NULL,NULL,NULL,NULL,NULL),(82,'2018-03-23',0,NULL,NULL,NULL,NULL,NULL),(83,'2018-03-24',1,NULL,NULL,NULL,NULL,NULL),(84,'2018-03-25',1,NULL,NULL,NULL,NULL,NULL),(85,'2018-03-26',0,NULL,NULL,NULL,NULL,NULL),(86,'2018-03-27',0,NULL,NULL,NULL,NULL,NULL),(87,'2018-03-28',0,NULL,NULL,NULL,NULL,NULL),(88,'2018-03-29',0,NULL,NULL,NULL,NULL,NULL),(89,'2018-03-30',0,NULL,NULL,NULL,NULL,NULL),(90,'2018-03-31',1,NULL,NULL,NULL,NULL,NULL),(91,'2018-04-01',1,NULL,NULL,NULL,NULL,NULL),(92,'2018-04-02',0,NULL,NULL,NULL,NULL,NULL),(93,'2018-04-03',0,NULL,NULL,NULL,NULL,NULL),(94,'2018-04-04',0,NULL,NULL,NULL,NULL,NULL),(95,'2018-04-05',0,NULL,NULL,NULL,NULL,NULL),(96,'2018-04-06',0,NULL,NULL,NULL,NULL,NULL),(97,'2018-04-07',1,NULL,NULL,NULL,NULL,NULL),(98,'2018-04-08',1,NULL,NULL,NULL,NULL,NULL),(99,'2018-04-09',0,NULL,NULL,NULL,NULL,NULL),(100,'2018-04-10',0,NULL,NULL,NULL,NULL,NULL),(101,'2018-04-11',0,NULL,NULL,NULL,NULL,NULL),(102,'2018-04-12',0,NULL,NULL,NULL,NULL,NULL),(103,'2018-04-13',0,NULL,NULL,NULL,NULL,NULL),(104,'2018-04-14',1,NULL,NULL,NULL,NULL,NULL),(105,'2018-04-15',1,NULL,NULL,NULL,NULL,NULL),(106,'2018-04-16',0,NULL,NULL,NULL,NULL,NULL),(107,'2018-04-17',0,NULL,NULL,NULL,NULL,NULL),(108,'2018-04-18',0,NULL,NULL,NULL,NULL,NULL),(109,'2018-04-19',0,NULL,NULL,NULL,NULL,NULL),(110,'2018-04-20',0,NULL,NULL,NULL,NULL,NULL),(111,'2018-04-21',1,NULL,NULL,NULL,NULL,NULL),(112,'2018-04-22',1,NULL,NULL,NULL,NULL,NULL),(113,'2018-04-23',0,NULL,NULL,NULL,NULL,NULL),(114,'2018-04-24',0,NULL,NULL,NULL,NULL,NULL),(115,'2018-04-25',0,NULL,NULL,NULL,NULL,NULL),(116,'2018-04-26',0,NULL,NULL,NULL,NULL,NULL),(117,'2018-04-27',0,NULL,NULL,NULL,NULL,NULL),(118,'2018-04-28',1,NULL,NULL,NULL,NULL,NULL),(119,'2018-04-29',1,NULL,NULL,NULL,NULL,NULL),(120,'2018-04-30',0,NULL,NULL,NULL,NULL,NULL),(121,'2018-05-01',0,NULL,NULL,NULL,NULL,NULL),(122,'2018-05-02',0,NULL,NULL,NULL,NULL,NULL),(123,'2018-05-03',0,NULL,NULL,NULL,NULL,NULL),(124,'2018-05-04',0,NULL,NULL,NULL,NULL,NULL),(125,'2018-05-05',1,NULL,NULL,NULL,NULL,NULL),(126,'2018-05-06',1,NULL,NULL,NULL,NULL,NULL),(127,'2018-05-07',0,NULL,NULL,NULL,NULL,NULL),(128,'2018-05-08',0,NULL,NULL,NULL,NULL,NULL),(129,'2018-05-09',0,NULL,NULL,NULL,NULL,NULL),(130,'2018-05-10',0,NULL,NULL,NULL,NULL,NULL),(131,'2018-05-11',0,NULL,NULL,NULL,NULL,NULL),(132,'2018-05-12',1,NULL,NULL,NULL,NULL,NULL),(133,'2018-05-13',1,NULL,NULL,NULL,NULL,NULL),(134,'2018-05-14',0,NULL,NULL,NULL,NULL,NULL),(135,'2018-05-15',0,NULL,NULL,NULL,NULL,NULL),(136,'2018-05-16',0,NULL,NULL,NULL,NULL,NULL),(137,'2018-05-17',0,NULL,NULL,NULL,NULL,NULL),(138,'2018-05-18',0,NULL,NULL,NULL,NULL,NULL),(139,'2018-05-19',1,NULL,NULL,NULL,NULL,NULL),(140,'2018-05-20',1,NULL,NULL,NULL,NULL,NULL),(141,'2018-05-21',0,NULL,NULL,NULL,NULL,NULL),(142,'2018-05-22',0,NULL,NULL,NULL,NULL,NULL),(143,'2018-05-23',0,NULL,NULL,NULL,NULL,NULL),(144,'2018-05-24',0,NULL,NULL,NULL,NULL,NULL),(145,'2018-05-25',0,NULL,NULL,NULL,NULL,NULL),(146,'2018-05-26',1,NULL,NULL,NULL,NULL,NULL),(147,'2018-05-27',1,NULL,NULL,NULL,NULL,NULL),(148,'2018-05-28',0,NULL,NULL,NULL,NULL,NULL),(149,'2018-05-29',0,NULL,NULL,NULL,NULL,NULL),(150,'2018-05-30',0,NULL,NULL,NULL,NULL,NULL),(151,'2018-05-31',0,NULL,NULL,NULL,NULL,NULL),(152,'2018-06-01',0,NULL,NULL,NULL,NULL,NULL),(153,'2018-06-02',1,NULL,NULL,NULL,NULL,NULL),(154,'2018-06-03',1,NULL,NULL,NULL,NULL,NULL),(155,'2018-06-04',0,NULL,NULL,NULL,NULL,NULL),(156,'2018-06-05',0,NULL,NULL,NULL,NULL,NULL),(157,'2018-06-06',0,NULL,NULL,NULL,NULL,NULL),(158,'2018-06-07',0,NULL,NULL,NULL,NULL,NULL),(159,'2018-06-08',0,NULL,NULL,NULL,NULL,NULL),(160,'2018-06-09',1,NULL,NULL,NULL,NULL,NULL),(161,'2018-06-10',1,NULL,NULL,NULL,NULL,NULL),(162,'2018-06-11',0,NULL,NULL,NULL,NULL,NULL),(163,'2018-06-12',0,NULL,NULL,NULL,NULL,NULL),(164,'2018-06-13',0,NULL,NULL,NULL,NULL,NULL),(165,'2018-06-14',0,NULL,NULL,NULL,NULL,NULL),(166,'2018-06-15',0,NULL,NULL,NULL,NULL,NULL),(167,'2018-06-16',1,NULL,NULL,NULL,NULL,NULL),(168,'2018-06-17',1,NULL,NULL,NULL,NULL,NULL),(169,'2018-06-18',0,NULL,NULL,NULL,NULL,NULL),(170,'2018-06-19',0,NULL,NULL,NULL,NULL,NULL),(171,'2018-06-20',0,NULL,NULL,NULL,NULL,NULL),(172,'2018-06-21',0,NULL,NULL,NULL,NULL,NULL),(173,'2018-06-22',0,NULL,NULL,NULL,NULL,NULL),(174,'2018-06-23',1,NULL,NULL,NULL,NULL,NULL),(175,'2018-06-24',1,NULL,NULL,NULL,NULL,NULL),(176,'2018-06-25',0,NULL,NULL,NULL,NULL,NULL),(177,'2018-06-26',0,NULL,NULL,NULL,NULL,NULL),(178,'2018-06-27',0,NULL,NULL,NULL,NULL,NULL),(179,'2018-06-28',0,NULL,NULL,NULL,NULL,NULL),(180,'2018-06-29',0,NULL,NULL,NULL,NULL,NULL),(181,'2018-06-30',1,NULL,NULL,NULL,NULL,NULL),(182,'2018-07-01',1,NULL,NULL,NULL,NULL,NULL),(183,'2018-07-02',0,NULL,NULL,NULL,NULL,NULL),(184,'2018-07-03',0,NULL,NULL,NULL,NULL,NULL),(185,'2018-07-04',0,NULL,NULL,NULL,NULL,NULL),(186,'2018-07-05',0,NULL,NULL,NULL,NULL,NULL),(187,'2018-07-06',0,NULL,NULL,NULL,NULL,NULL),(188,'2018-07-07',1,NULL,NULL,NULL,NULL,NULL),(189,'2018-07-08',1,NULL,NULL,NULL,NULL,NULL),(190,'2018-07-09',0,NULL,NULL,NULL,NULL,NULL),(191,'2018-07-10',0,NULL,NULL,NULL,NULL,NULL),(192,'2018-07-11',0,NULL,NULL,NULL,NULL,NULL),(193,'2018-07-12',0,NULL,NULL,NULL,NULL,NULL),(194,'2018-07-13',0,NULL,NULL,NULL,NULL,NULL),(195,'2018-07-14',1,NULL,NULL,NULL,NULL,NULL),(196,'2018-07-15',1,NULL,NULL,NULL,NULL,NULL),(197,'2018-07-16',0,NULL,NULL,NULL,NULL,NULL),(198,'2018-07-17',0,NULL,NULL,NULL,NULL,NULL),(199,'2018-07-18',0,NULL,NULL,NULL,NULL,NULL),(200,'2018-07-19',0,NULL,NULL,NULL,NULL,NULL),(201,'2018-07-20',0,NULL,NULL,NULL,NULL,NULL),(202,'2018-07-21',1,NULL,NULL,NULL,NULL,NULL),(203,'2018-07-22',1,NULL,NULL,NULL,NULL,NULL),(204,'2018-07-23',0,NULL,NULL,NULL,NULL,NULL),(205,'2018-07-24',0,NULL,NULL,NULL,NULL,NULL),(206,'2018-07-25',0,NULL,NULL,NULL,NULL,NULL),(207,'2018-07-26',0,NULL,NULL,NULL,NULL,NULL),(208,'2018-07-27',0,NULL,NULL,NULL,NULL,NULL),(209,'2018-07-28',1,NULL,NULL,NULL,NULL,NULL),(210,'2018-07-29',1,NULL,NULL,NULL,NULL,NULL),(211,'2018-07-30',0,NULL,NULL,NULL,NULL,NULL),(212,'2018-07-31',0,NULL,NULL,NULL,NULL,NULL),(213,'2018-08-01',0,NULL,NULL,NULL,NULL,NULL),(214,'2018-08-02',0,NULL,NULL,NULL,NULL,NULL),(215,'2018-08-03',0,NULL,NULL,NULL,NULL,NULL),(216,'2018-08-04',1,NULL,NULL,NULL,NULL,NULL),(217,'2018-08-05',1,NULL,NULL,NULL,NULL,NULL),(218,'2018-08-06',0,NULL,NULL,NULL,NULL,NULL),(219,'2018-08-07',0,NULL,NULL,NULL,NULL,NULL),(220,'2018-08-08',0,NULL,NULL,NULL,NULL,NULL),(221,'2018-08-09',0,NULL,NULL,NULL,NULL,NULL),(222,'2018-08-10',0,NULL,NULL,NULL,NULL,NULL),(223,'2018-08-11',1,NULL,NULL,NULL,NULL,NULL),(224,'2018-08-12',1,NULL,NULL,NULL,NULL,NULL),(225,'2018-08-13',0,NULL,NULL,NULL,NULL,NULL),(226,'2018-08-14',0,NULL,NULL,NULL,NULL,NULL),(227,'2018-08-15',0,NULL,NULL,NULL,NULL,NULL),(228,'2018-08-16',0,NULL,NULL,NULL,NULL,NULL),(229,'2018-08-17',0,NULL,NULL,NULL,NULL,NULL),(230,'2018-08-18',1,NULL,NULL,NULL,NULL,NULL),(231,'2018-08-19',1,NULL,NULL,NULL,NULL,NULL),(232,'2018-08-20',0,NULL,NULL,NULL,NULL,NULL),(233,'2018-08-21',0,NULL,NULL,NULL,NULL,NULL),(234,'2018-08-22',0,NULL,NULL,NULL,NULL,NULL),(235,'2018-08-23',0,NULL,NULL,NULL,NULL,NULL),(236,'2018-08-24',0,NULL,NULL,NULL,NULL,NULL),(237,'2018-08-25',1,NULL,NULL,NULL,NULL,NULL),(238,'2018-08-26',1,NULL,NULL,NULL,NULL,NULL),(239,'2018-08-27',0,NULL,NULL,NULL,NULL,NULL),(240,'2018-08-28',0,NULL,NULL,NULL,NULL,NULL),(241,'2018-08-29',0,NULL,NULL,NULL,NULL,NULL),(242,'2018-08-30',0,NULL,NULL,NULL,NULL,NULL),(243,'2018-08-31',0,NULL,NULL,NULL,NULL,NULL),(244,'2018-09-01',1,NULL,NULL,NULL,NULL,NULL),(245,'2018-09-02',1,NULL,NULL,NULL,NULL,NULL),(246,'2018-09-03',0,NULL,NULL,NULL,NULL,NULL),(247,'2018-09-04',0,NULL,NULL,NULL,NULL,NULL),(248,'2018-09-05',0,NULL,NULL,NULL,NULL,NULL),(249,'2018-09-06',0,NULL,NULL,NULL,NULL,NULL),(250,'2018-09-07',0,NULL,NULL,NULL,NULL,NULL),(251,'2018-09-08',1,NULL,NULL,NULL,NULL,NULL),(252,'2018-09-09',1,NULL,NULL,NULL,NULL,NULL),(253,'2018-09-10',0,NULL,NULL,NULL,NULL,NULL),(254,'2018-09-11',0,NULL,NULL,NULL,NULL,NULL),(255,'2018-09-12',0,NULL,NULL,NULL,NULL,NULL),(256,'2018-09-13',0,NULL,NULL,NULL,NULL,NULL),(257,'2018-09-14',0,NULL,NULL,NULL,NULL,NULL),(258,'2018-09-15',1,NULL,NULL,NULL,NULL,NULL),(259,'2018-09-16',1,NULL,NULL,NULL,NULL,NULL),(260,'2018-09-17',0,NULL,NULL,NULL,NULL,NULL),(261,'2018-09-18',0,NULL,NULL,NULL,NULL,NULL),(262,'2018-09-19',0,NULL,NULL,NULL,NULL,NULL),(263,'2018-09-20',0,NULL,NULL,NULL,NULL,NULL),(264,'2018-09-21',0,NULL,NULL,NULL,NULL,NULL),(265,'2018-09-22',1,NULL,NULL,NULL,NULL,NULL),(266,'2018-09-23',1,NULL,NULL,NULL,NULL,NULL),(267,'2018-09-24',0,NULL,NULL,NULL,NULL,NULL),(268,'2018-09-25',0,NULL,NULL,NULL,NULL,NULL),(269,'2018-09-26',0,NULL,NULL,NULL,NULL,NULL),(270,'2018-09-27',0,NULL,NULL,NULL,NULL,NULL),(271,'2018-09-28',0,NULL,NULL,NULL,NULL,NULL),(272,'2018-09-29',1,NULL,NULL,NULL,NULL,NULL),(273,'2018-09-30',1,NULL,NULL,NULL,NULL,NULL),(274,'2018-10-01',0,NULL,NULL,NULL,NULL,NULL),(275,'2018-10-02',0,NULL,NULL,NULL,NULL,NULL),(276,'2018-10-03',0,NULL,NULL,NULL,NULL,NULL),(277,'2018-10-04',0,NULL,NULL,NULL,NULL,NULL),(278,'2018-10-05',0,NULL,NULL,NULL,NULL,NULL),(279,'2018-10-06',1,NULL,NULL,NULL,NULL,NULL),(280,'2018-10-07',1,NULL,NULL,NULL,NULL,NULL),(281,'2018-10-08',0,NULL,NULL,NULL,NULL,NULL),(282,'2018-10-09',0,NULL,NULL,NULL,NULL,NULL),(283,'2018-10-10',0,NULL,NULL,NULL,NULL,NULL),(284,'2018-10-11',0,NULL,NULL,NULL,NULL,NULL),(285,'2018-10-12',0,NULL,NULL,NULL,NULL,NULL),(286,'2018-10-13',1,NULL,NULL,NULL,NULL,NULL),(287,'2018-10-14',1,NULL,NULL,NULL,NULL,NULL),(288,'2018-10-15',0,NULL,NULL,NULL,NULL,NULL),(289,'2018-10-16',0,NULL,NULL,NULL,NULL,NULL),(290,'2018-10-17',0,NULL,NULL,NULL,NULL,NULL),(291,'2018-10-18',0,NULL,NULL,NULL,NULL,NULL),(292,'2018-10-19',0,NULL,NULL,NULL,NULL,NULL),(293,'2018-10-20',1,NULL,NULL,NULL,NULL,NULL),(294,'2018-10-21',1,NULL,NULL,NULL,NULL,NULL),(295,'2018-10-22',0,NULL,NULL,NULL,NULL,NULL),(296,'2018-10-23',0,NULL,NULL,NULL,NULL,NULL),(297,'2018-10-24',0,NULL,NULL,NULL,NULL,NULL),(298,'2018-10-25',0,NULL,NULL,NULL,NULL,NULL),(299,'2018-10-26',0,NULL,NULL,NULL,NULL,NULL),(300,'2018-10-27',1,NULL,NULL,NULL,NULL,NULL),(301,'2018-10-28',1,NULL,NULL,NULL,NULL,NULL),(302,'2018-10-29',0,NULL,NULL,NULL,NULL,NULL),(303,'2018-10-30',0,NULL,NULL,NULL,NULL,NULL),(304,'2018-10-31',0,NULL,NULL,NULL,NULL,NULL),(305,'2018-11-01',0,NULL,NULL,NULL,NULL,NULL),(306,'2018-11-02',0,NULL,NULL,NULL,NULL,NULL),(307,'2018-11-03',1,NULL,NULL,NULL,NULL,NULL),(308,'2018-11-04',1,NULL,NULL,NULL,NULL,NULL),(309,'2018-11-05',0,NULL,NULL,NULL,NULL,NULL),(310,'2018-11-06',0,NULL,NULL,NULL,NULL,NULL),(311,'2018-11-07',0,NULL,NULL,NULL,NULL,NULL),(312,'2018-11-08',0,NULL,NULL,NULL,NULL,NULL),(313,'2018-11-09',0,NULL,NULL,NULL,NULL,NULL),(314,'2018-11-10',1,NULL,NULL,NULL,NULL,NULL),(315,'2018-11-11',1,NULL,NULL,NULL,NULL,NULL),(316,'2018-11-12',0,NULL,NULL,NULL,NULL,NULL),(317,'2018-11-13',0,NULL,NULL,NULL,NULL,NULL),(318,'2018-11-14',0,NULL,NULL,NULL,NULL,NULL),(319,'2018-11-15',0,NULL,NULL,NULL,NULL,NULL),(320,'2018-11-16',0,NULL,NULL,NULL,NULL,NULL),(321,'2018-11-17',1,NULL,NULL,NULL,NULL,NULL),(322,'2018-11-18',1,NULL,NULL,NULL,NULL,NULL),(323,'2018-11-19',0,NULL,NULL,NULL,NULL,NULL),(324,'2018-11-20',0,NULL,NULL,NULL,NULL,NULL),(325,'2018-11-21',0,NULL,NULL,NULL,NULL,NULL),(326,'2018-11-22',0,NULL,NULL,NULL,NULL,NULL),(327,'2018-11-23',0,NULL,NULL,NULL,NULL,NULL),(328,'2018-11-24',1,NULL,NULL,NULL,NULL,NULL),(329,'2018-11-25',1,NULL,NULL,NULL,NULL,NULL),(330,'2018-11-26',0,NULL,NULL,NULL,NULL,NULL),(331,'2018-11-27',0,NULL,NULL,NULL,NULL,NULL),(332,'2018-11-28',0,NULL,NULL,NULL,NULL,NULL),(333,'2018-11-29',0,NULL,NULL,NULL,NULL,NULL),(334,'2018-11-30',0,NULL,NULL,NULL,NULL,NULL),(335,'2018-12-01',1,NULL,NULL,NULL,NULL,NULL),(336,'2018-12-02',1,NULL,NULL,NULL,NULL,NULL),(337,'2018-12-03',0,NULL,NULL,NULL,NULL,NULL),(338,'2018-12-04',0,NULL,NULL,NULL,NULL,NULL),(339,'2018-12-05',0,NULL,NULL,NULL,NULL,NULL),(340,'2018-12-06',0,NULL,NULL,NULL,NULL,NULL),(341,'2018-12-07',0,NULL,NULL,NULL,NULL,NULL),(342,'2018-12-08',1,NULL,NULL,NULL,NULL,NULL),(343,'2018-12-09',1,NULL,NULL,NULL,NULL,NULL),(344,'2018-12-10',0,NULL,NULL,NULL,NULL,NULL),(345,'2018-12-11',0,NULL,NULL,NULL,NULL,NULL),(346,'2018-12-12',0,NULL,NULL,NULL,NULL,NULL),(347,'2018-12-13',0,NULL,NULL,NULL,NULL,NULL),(348,'2018-12-14',0,NULL,NULL,NULL,NULL,NULL),(349,'2018-12-15',1,NULL,NULL,NULL,NULL,NULL),(350,'2018-12-16',1,NULL,NULL,NULL,NULL,NULL),(351,'2018-12-17',0,NULL,NULL,NULL,NULL,NULL),(352,'2018-12-18',0,NULL,NULL,NULL,NULL,NULL),(353,'2018-12-19',0,NULL,NULL,NULL,NULL,NULL),(354,'2018-12-20',0,NULL,NULL,NULL,NULL,NULL),(355,'2018-12-21',0,NULL,NULL,NULL,NULL,NULL),(356,'2018-12-22',1,NULL,NULL,NULL,NULL,NULL),(357,'2018-12-23',1,NULL,NULL,NULL,NULL,NULL),(358,'2018-12-24',0,NULL,NULL,NULL,NULL,NULL),(359,'2018-12-25',0,NULL,NULL,NULL,NULL,NULL),(360,'2018-12-26',0,NULL,NULL,NULL,NULL,NULL),(361,'2018-12-27',0,NULL,NULL,NULL,NULL,NULL),(362,'2018-12-28',0,NULL,NULL,NULL,NULL,NULL),(363,'2018-12-29',1,NULL,NULL,NULL,NULL,NULL),(364,'2018-12-30',1,NULL,NULL,NULL,NULL,NULL),(365,'2018-12-31',0,NULL,NULL,NULL,NULL,NULL),(366,'2019-01-01',0,NULL,NULL,NULL,NULL,NULL);



